0.0,605163.9851068736,664509.4566551436,804817.4024216466,740044.5176725531,706989.7225335508,781040.4042565888,661758.697063663,739339.195649175,686143.7721733103,793512.8322822957,714326.2374716742,722986.6466186347,742888.6826875833,703462.7391936658,626227.6112864836,631417.4362411503,732272.8626304937,663579.8253091578,705647.0739188183,626453.6584361028,800384.7339116379,692502.84499275,739757.0980877733,643288.1808357089,714679.5863507144,723164.4098916455,701670.399312892,608785.8136843595,615596.6764333242,686006.871548158
1.0,2108460.091496655,2150381.578939993,2237344.4018226666,2018449.8303433051,2141005.517554573,2127592.0400682045,2140774.569608701,2093912.0795817787,2155335.4097367413,2146402.6894449485,2125134.9871729417,2084441.18595464,2225160.8086438393,2190006.145559652,2135282.561023988,2137042.4069414153,2137540.9052720815,2140751.9488076936,2084405.9409348567,2161500.9643820077,2079863.5763634273,2116411.4215917517,2145768.643998076,2184932.170397191,2112468.055323635,2234541.896727733,2073746.3540250338,2133157.6243949705,2198478.823798066,2126167.2244821815
2.0,771557.661400867,748411.070922772,868077.9887986237,769631.1286355661,779508.3864102386,773947.4671161625,759622.1956871395,768271.7880667722,806691.1131089936,847868.706948238,753400.9083894489,752178.930609653,805072.8351124679,806358.0493114908,797527.9888373676,766720.4549903182,776218.2451960096,735376.3833668062,780119.3062671168,742184.8660406065,722941.9249848354,769892.4966520234,802215.8442889648,750499.1488681779,781109.2060951876,817736.2310577346,793211.7487650354,749131.7011245196,827201.0062223586,833173.5136086177
3.0,463428.010618656,444725.7772296986,527294.8952583522,447611.8679414648,463828.55267385003,461903.2130853307,462330.4449595815,501061.7133454067,464493.89328415314,529728.7143769701,460578.77748342964,457530.62433018524,477223.7345536913,462425.1203669106,462007.4002830688,474654.77508289134,474097.6856747565,462296.4601756312,463353.34838703444,449707.9810256573,453502.0850380601,469745.87389901857,490442.13567764027,456652.70134042855,452418.39634958626,491584.75105605356,474491.46899555594,451502.71395163005,486372.10791519034,505194.55598039384
4.0,278928.7504650778,275504.17268519633,307411.31615776813,287619.1489746791,293644.194467469,286980.60832545627,264769.83076421154,304705.10617281974,296454.2680304942,334315.5830458951,290390.60031264793,282508.9441325282,306219.23437079985,290417.31520797434,292142.970175183,291415.24279451004,272398.5611188987,285420.4431732604,279668.76911399787,238606.0629386509,288825.87363829033,286015.6767075676,298384.3217849853,269218.7589911048,301029.6144433691,289343.7298377189,288096.2537994545,281230.640920368,299019.28411299834,302881.42092642677
5.0,195616.15513389694,165882.32188521145,191551.79422733013,198275.02882622613,179269.62502484347,190397.75171455275,175025.17313623455,197396.6991971674,182830.53303378884,196271.13725020768,182013.43354935644,182568.97388133703,187489.05615025826,164634.3611042299,190933.17169375456,180706.62805484465,175694.1656165098,174414.37343775798,168666.56573995075,154010.26283511487,189338.96358872217,175302.5345611725,197113.97103295175,186268.31555375602,165575.95103928287,209636.7014776602,188478.95678690093,179374.4798966351,208098.04593746894,185302.07818914714
6.0,137305.9378708343,86386.35913169807,120222.09475723402,129083.5898242043,126570.70665804717,118205.75255250039,114215.21251523597,118806.9198933066,118309.23480837556,136500.82019904465,131592.29030602647,123041.42749706391,130320.19780927889,109229.29201550953,111898.40617054395,108306.45904021744,97512.29645977888,105248.79736328754,117008.99880871523,90725.59336248938,117657.50013598878,112440.32248047493,125637.84233618561,145969.62269124563,115646.37516848321,135996.337460552,122163.94657428056,118639.09801211453,125542.66939642598,121125.01095042724
7.0,99779.77162515026,62550.915830922146,70066.57361436714,74883.49286576423,84156.96229431292,79282.90928806708,73859.91061852849,76805.98276773191,71055.47998107607,78784.46862439917,80623.42196812665,74327.52662763033,76764.71628485314,58125.98436812785,82722.13951196382,70449.59769170827,71820.30115947113,61598.36988557401,71445.93667705295,42820.767892038784,84850.66644627805,78071.29227926728,81319.5288784855,94592.8352404725,51702.65319115235,80430.47350827997,98048.22433086345,77262.35892625689,92071.2124434216,83110.55449832483
8.0,64109.27536894891,33719.03384111264,40619.58633049995,47913.927610271916,50789.791598963435,47353.909378804565,54016.589284752576,51972.242955809474,50022.25497709295,32731.920540883424,48016.208237561776,45108.67888285326,59339.62973167079,41616.55142654051,51188.177357147666,57572.36835489047,40300.99065055624,46443.82609597318,48104.690288085956,24508.358301938446,42986.33338533869,40529.20705154561,50732.759230589414,53076.463274881324,28059.133059889453,45950.65497238584,74681.0965299429,43931.49621146776,62845.88686135634,57369.47050998133
9.0,49468.072801554,28478.59696021946,26705.873092281854,31709.44189568133,34007.56788567704,36951.55013241081,37370.12094472626,40433.562705528915,35520.92957005289,28826.5777318339,30742.8135681712,34436.84363207671,37584.61986401832,21533.94150175434,33509.17588458017,41619.00891810223,22219.04769084396,23355.789481789718,27814.803220841597,9029.321265482155,22789.807212274212,25879.614565430547,41974.7018506248,38489.675386470306,25991.989740974164,33066.586771373775,51844.889957048894,27758.075791139334,36931.926618228485,37500.70525065333
10.0,32687.745975495578,12572.243050216084,22299.503474007968,20552.48345170837,27453.21948071428,25731.720771970442,37138.74775962784,17839.57867156473,26834.79421120831,20502.10749176355,28003.0554350652,18748.632295620046,23959.417991785725,15631.592572027392,25405.037223349067,29427.156722339238,10956.099471891022,9446.820519729465,24803.543220161897,5039.59720705363,19842.49938484614,20808.377437567906,35265.314723632466,37265.54092673304,15029.212975865006,24684.48206084043,36801.19509976103,18023.06968153694,15273.526427837085,24691.34799443059
11.0,24436.037805107142,9235.100672301509,11026.28722216413,8793.120333922943,14442.098275159504,21946.283587303325,24005.540871135465,17919.76596019503,27182.23877808216,18424.33759109359,17015.292282545484,11238.734933030735,13311.01747482805,9053.061346957325,14940.75131412425,6776.551055717584,9374.533129951731,5274.1824243235005,6187.3076885642395,4748.583122816175,19722.935710179274,12624.23323037379,23826.67910237959,27895.930097679993,10062.959211529891,12209.136875333534,32088.741763126796,10517.395539017176,11106.329143607272,26541.50285086376
12.0,21256.331223155972,5700.74773666703,7656.13375310809,-1964.80622563008,6060.312933008812,16305.581318353998,18655.068386046805,14132.982341213328,20891.646830462396,13563.744287211573,17626.30823791312,13801.612219303363,8281.79981712207,3289.673489877923,11180.87101596932,4450.768331489915,854.9258493814518,-2247.1807769451843,3151.39974514239,531.7130450394873,12097.411651973296,13644.76941375895,19545.951724892235,26399.808523470263,2605.961235210394,12743.633708519212,16157.782607386664,2987.0509385790074,2830.9263934108963,15682.493263032344
13.0,12091.626413853483,6009.438533425553,11520.305614243729,1069.7307056918285,1628.7474519579162,10818.75855489798,14301.574372485755,11628.013549382886,19231.624601002048,8777.137041159642,14770.711420072605,3818.5111156535013,951.0485523213993,-4488.083115126702,8965.022339569892,-8211.157475024334,-562.2529877407296,-1324.3378570681994,14504.290806545527,921.1008593132076,16377.761027141665,12165.610404463378,8239.647289374296,18123.62192766188,9787.132249750546,2907.5559240635926,16519.288021525208,363.99381291294605,-3602.5897977584727,18257.492531465796
14.0,7928.388676358978,508.5704660102815,3592.4634483467303,121.63513604897776,1253.0185646855878,8925.049206916172,8801.664693386294,8229.383676616173,7700.9136130999705,9526.540781204603,7489.560809836539,-1996.4149452016698,1819.4664053066174,-6626.944632290251,310.69863417258443,-2222.3733412834567,-2991.3000284388418,2523.111056981698,4889.886581033163,-3502.0712092269546,13592.79563835568,2282.3823653872314,6497.059774997052,14720.035750938445,6074.492195970112,3495.0547998762404,7847.037793778619,-1781.8908675772745,-4810.070354059822,6550.312461505199
15.0,7333.112077670685,1490.8900316677555,-5542.909048741734,-4044.9411142742274,650.2345591249725,5103.944724193835,6721.3769430009015,4083.0096357166117,8053.096049769609,4029.720122864255,2100.5513661213563,-7456.560356546019,761.989969509686,-6477.453844014239,3244.938339004986,-6162.403055900009,-2746.6606187116504,8079.282863016215,6128.044901400985,-1781.2391609917709,11539.08170380606,-4468.736355716309,2705.974746844668,9032.139597718176,4219.610312242165,7851.063509019965,3056.872361656806,1696.9324858236228,-2144.533424687138,4565.319286396596
16.0,1271.4979236229926,3116.00707878649,-3556.3845107673933,-946.7597408780032,-3176.6414327049124,1287.0526855743597,5454.627875235155,4004.5546942450237,7208.052808095062,5311.071319214458,7243.4827682646755,-1490.4755584609193,-1006.1303427432579,-9679.24324795675,-1270.016251503303,-8473.74354541536,-4658.775553699655,3708.2268923955357,3278.995734437604,-5418.682627132135,13341.776965237654,143.72072251270833,4116.282841799486,-2358.926620755914,656.8810173491638,95.2074879502552,3930.765477068745,-4874.069389534284,503.0925452999944,8612.94050662859
17.0,489.6439761827278,6671.678605372809,-1308.36292329703,-3108.4348415677573,-5597.380016180651,1535.291636145667,6466.629497832596,-1610.961689222342,7788.535842423449,-37.338406132209684,4466.671842645005,-1919.504690080966,-2974.0098298855946,-2629.4804023423117,-2478.724656838716,-7219.441937263086,-1193.1700752099418,1335.8547259402283,3057.278079107292,-3612.156936862283,5581.251473166034,-2642.6300311016776,2067.5541287578985,-4894.6501925042385,6213.2825253656,4672.059484783296,5847.228574996547,-5081.631118226986,-4928.804298487865,11671.74448939253
18.0,2206.2500376373223,5898.964865682171,-6589.418622651869,-5009.023566391848,-1899.9634799004323,4732.772892408678,2405.9258542130347,262.6156584128155,7678.573850392068,4403.733922262146,134.3476312147335,1689.9414156121043,-3977.8577640640383,-1073.9703096245157,-5875.948992644559,-5855.005190927791,-1671.903589573366,1745.4166479995454,-2514.8116399801165,-1487.8738993164686,4424.033605627612,-1351.1816383905793,657.5436309501192,618.2399016344716,256.1528982813504,3327.4264066664764,5694.184194938717,-1119.4377409243098,-3559.9978308477275,12659.969132597585
19.0,1410.8843129386269,7898.076440462161,-8001.036648854188,-1444.6100063682306,-1332.0871676606785,1122.829425264697,1301.7068611500567,1113.6397275199004,7800.591409899537,4863.3287862000925,1305.9033487613187,636.910208551681,-2182.1626916352902,-5318.935002056176,-4739.65274929665,-5555.910403952016,-2128.2156000090263,2035.6628070814234,2366.0124629444267,-4777.859539329611,-4811.968864337385,-1356.5124616834373,188.4766806549652,1757.9132298554416,4924.291642123078,8698.045663926512,4675.356566459939,-5351.542018362063,-664.9051032409452,10906.779790732448
20.0,2720.326593446036,8091.546937299117,-6048.687015873085,-231.64570490364565,-4349.007570427406,2831.649166110102,2565.3117990482197,937.4745285788524,6246.880731894271,1737.247193651943,-3333.758845618131,1501.7056870014358,1074.5869366631725,-2834.524077817878,-7005.733048962572,-4187.791603105282,-1434.6434387305885,587.0997422623201,-4288.12225674771,-3299.2260052240586,-3241.0494347463123,-5844.5830604501025,2912.5733696194934,4156.0720884656475,-2960.3120507917424,6974.977414439684,5501.539641305175,-2122.998716672308,722.4386784281787,9222.896220258091
21.0,2905.843447558402,8731.480188804431,-4931.997089894422,-2151.724983000948,-1450.0499131955253,2649.087942274297,962.4925015479544,1524.0954959930723,8144.126503939155,4143.538922693109,-2417.620780525874,961.6763412934608,2425.7667919033493,-4168.433412912872,-5901.759189256038,-1316.6340530676616,2600.0777467895423,3864.368029508185,-6410.480753459319,-2614.9035575114513,-868.142798569166,-3628.381227314163,-1899.5927204534762,4349.014475448599,3248.4551647407693,2827.203949697231,3893.012102131422,-3745.1334395718623,-2997.121049310193,4802.394407558924
22.0,-2121.912655366878,6688.507126331531,689.0339330240754,-995.4554533642457,-3121.634708195965,5274.580723480219,607.8372917715889,3523.37231942462,8692.17443981722,2104.985870346806,-1503.4448686712801,5550.3742959898755,2463.3133855473225,-5259.816148050306,-2565.1133338946233,1305.9364853791835,2565.717288693489,2666.2034135584545,-8196.917342705803,-2658.8641783337416,-1092.2181293758244,-6569.5088587566925,-418.7117989393379,1088.903759226253,-5898.060372037447,2452.6843667019657,2926.2848703447735,-388.7079295215125,-145.3390124051185,2430.0748999156344
23.0,-3624.533447060433,4197.283224083692,1680.4321731171551,-1172.8525575325175,-101.39079220109551,3537.1916628557206,-3303.098684572406,996.7109788157445,3692.890808713247,-761.3898057057835,203.19030660042586,1923.3834376024508,3483.1601853031098,-5437.522552535624,-1743.4838515973095,-874.2230658074345,708.154849182612,2457.9178541363685,-9322.331224505459,1080.1137711090335,2360.49058357937,-2015.0909859650399,-2135.506844450594,3057.7831408247685,-5832.439927786207,-654.3176583087419,4372.5811167228585,358.57371343149373,-3662.5693622424137,1670.097325177214
24.0,-1059.1882016972572,2236.6515225966227,9255.751290480699,-3342.582301054503,870.9316000686432,4385.469464094894,-1816.9165651264698,2810.680077548807,3562.8414031841276,-958.3468080661778,-709.2395399242446,613.2343840514836,125.69173853597664,-3082.551144332404,-1920.9963540902688,51.69348519089601,-1122.525976415321,2562.765762605455,-5310.546997401215,314.57298948337757,2479.359598848275,472.76326854251624,-1832.441398145913,1104.720923126355,-3691.062419493232,-1189.0814495380394,3198.8227173666132,-244.4936646722225,-5258.192190812647,1592.7067587729503
25.0,-344.78555212519007,1807.1469337871583,8581.782666603518,-655.3512800078609,-402.5720335118581,3724.686113979307,-1192.9751419384004,3230.2528919534343,430.54820585167164,-5037.232854088523,-2582.2956864277658,2796.151484070133,1747.7092715832146,-1243.1844796999985,-2925.8999743271092,-724.8318560669172,-1293.0602112714541,2788.629060981325,-5262.117571865891,2195.889235505568,3217.6707164102263,920.1752526247857,608.475012404152,163.1022438559496,-3091.994364495135,-3147.6987107461696,2333.8488735094634,390.50219181518924,-2205.8537212343376,-3188.742852622362
26.0,669.3673175320953,2784.7322675995983,9375.877440373282,-453.85180084168877,-2152.736312356704,4463.309638655388,958.302293544318,1365.654991323732,1811.508657264095,-3648.868203177757,169.19225888090006,1068.7785452056542,-66.44452126583872,549.794723551113,1997.5096669427173,1172.2906739013306,-366.6438576539926,3632.1418298068725,-6073.332214299988,4580.803613374562,6603.951345346323,628.5165438966103,2982.5384840836496,2936.895128595008,-75.75155564571196,1618.817115619016,4097.473019151923,206.72549921246014,621.7742321865929,-5581.10251812052
27.0,1076.9885398161925,-1883.8646953161642,6843.195751907399,-588.651810564088,-501.3685400292097,3096.2937389240496,-208.13418900188788,3067.045289943462,2723.2259887483133,-4316.4618429211,-333.9328675092925,3596.836828887339,595.4380671263368,-2054.379514008931,-44.88141540833942,1271.7582163578315,793.494004552007,3160.8495160484813,-392.8662390027307,4276.88011583377,4634.38112952437,-1157.2687942165908,1911.7273199517767,1240.9024788494937,1537.129226878933,-1082.8636684250757,-400.0334422253999,57.30921255516091,2224.6555924363834,-3695.881656238148
28.0,-1361.9011223413793,214.65057197831743,7975.063949693319,-970.9554049557098,-214.45340367101642,865.2025388705385,430.89831245979576,1814.4664174877405,1396.4773360128897,-4330.911742829112,2298.7623675690525,-284.73557119658574,-391.85992831158507,-451.3330600380093,271.6950681559697,962.5885276360351,3196.2244604024813,3125.470054314102,-1323.2183360751308,2755.3042029428148,5445.4179383886685,944.3790736538195,3679.2436987519873,4157.860286467066,1437.9240348631322,-1339.309597922131,-2389.577634858782,1485.5098138424614,3103.870414639272,-2181.6151962825943
29.0,-183.47050004141622,-1316.330064256857,5411.778612046946,-1391.2498385479644,-971.7049262616449,766.9743662363446,-998.9321562426728,1486.7926763727612,1560.8377622434593,-3004.8437843876236,2254.3698469760175,-136.5781403793259,-224.98513690251514,225.91046157664823,-275.67905072683254,365.6341943953067,2229.956549719779,2538.299016736624,-4408.3572880274505,1851.3004412550054,6531.434645276834,-494.2283112575544,3739.8655705632355,568.878184434789,2148.0227672728897,-3010.5883449288926,523.5174620367561,-76.61855474557211,3874.9442048865885,-861.770168726636
30.0,-1717.6268447860448,805.2576912352453,5492.790805881591,-1035.6718247950107,85.7436763407984,757.6191707790537,-637.6128704198792,590.0974613784638,1945.205740292257,-3559.77172524916,2816.31767055033,-792.8521656339975,1526.543252015611,-1042.8670319203657,-199.74445598476157,687.9263487930931,1410.684605903857,3076.8873527057895,-3104.751933014483,2914.974594524846,3099.843701364972,2739.5933387464274,5406.315715577567,1086.5763095014736,575.629021352167,-2617.798579269758,-1008.860019217867,-672.3397122622562,3540.1941063878803,942.3478599947308
31.0,-989.9271741886623,-862.0651309879612,3966.9180438094877,-2059.8278302210047,-795.6058960404682,-1132.8948340008797,-1265.1686852381463,255.24202586156844,-115.19182022197356,-2499.1722597757284,1616.578688263511,-1009.5011314297307,2523.2630542193433,-1597.7373335193124,-674.4647056884121,421.2710188441992,3839.920555898904,3098.063787278725,-3658.2296489540026,118.40722200103795,1056.7569900620779,3610.02081907755,3133.5020779374154,-123.79727631774182,2415.353159657115,-1270.4861821821382,-2084.2865155981467,-354.07153908332856,1797.6806553046194,685.8316923638071
32.0,527.946424137071,-972.8055344983119,5098.7206468998575,-46.515469990188436,-731.2196789953393,-1903.362216470944,-781.4050732425283,-474.4092167134588,-266.4302869822101,-1281.0478860398089,2676.384813652358,-1856.5594221064268,2337.619695617262,-2130.975550748074,358.2388844675844,645.7374274387741,3370.3804852482026,218.38921507317622,-3268.3854180492576,-425.6785542172538,963.8939384037735,1994.9746198740313,55.70690146638162,2587.344998718166,1116.303918649478,-1349.1832029324648,-108.52164189375611,444.175887064844,1340.5483073008577,1400.5413460899558
33.0,-1740.500848492255,-1467.9466696965146,3020.9050829233006,544.2047309111266,348.3751438248269,-1918.2422982816954,-1921.3494886637168,-1759.016319834447,-805.045467381658,525.9203395244916,1203.9607792141467,-1917.3482130000884,4456.1740934610925,-518.3501428899818,184.9115852456963,-356.9825923222131,2388.5862491432613,299.61005492826206,-2463.5539556379695,161.25097796014848,-1171.7200167110748,414.92961069216597,-329.2480817620401,4469.136114743185,3379.3237181495338,-25.672752947581102,-898.3547480189618,-1586.0169376355607,2549.881022110811,414.0787521790802
34.0,-2155.471153877223,-2142.628381005471,2921.665152430029,572.554633758509,927.6301563036232,-2273.5791117806166,-1163.2775103780777,-854.5513726623304,-1472.3625836421797,141.79410797029345,394.86931746828986,-850.0556835610537,2979.3177544463415,-615.7982173218228,89.37489023574676,-214.65821190027256,1719.4787511867785,140.0755152776781,-2695.48543747031,-249.98547831383001,-403.12379080578967,-544.912666826111,-1210.6322328145275,3457.1184847592876,4551.4617655510365,-1068.5629920627362,-1344.039705116073,-347.0375327785039,2453.7972685293885,758.8629790334371
35.0,-2276.7627585125774,-894.338469899842,1507.4101553503024,464.90485441987755,760.4065647998073,-1532.2651380213838,-1205.8576160714686,-2086.298923047819,-739.9511146562951,1100.5613382637316,462.09781412112784,-623.0812181445485,4001.5425160368313,-635.825746578587,-2514.3187663767635,-61.482356895358706,1496.6402355997493,-31.712789959950843,-1821.8405953758609,-218.7531289031966,-691.1691443038909,77.31031203120716,-883.7674393392247,4018.6518689423183,2323.768635146709,-560.791050331631,428.56990868166326,-1381.8452235200803,3132.902462636949,1400.6480432211779
36.0,-1740.1529541532009,-1690.562965374217,1684.1344896940814,1118.537250955823,106.71274363803502,-367.49078926820266,552.5537895685011,-1136.478663614963,705.3769100561299,1329.2548163368133,461.1958337113257,733.943587384523,3046.5939556246767,-37.07872074972926,-64.8495275748378,655.3164472513628,998.8517137815087,-673.1306440173573,-1681.5445879786387,-689.3873452214423,-1049.0223538531022,854.0878737205765,-337.7573577496916,2814.18056844252,1359.1447467407415,-410.35210638845354,180.32383434814625,-874.5324445049771,3364.9163131475584,335.52377217369053
37.0,-1448.8033266121154,-285.96491701846776,-659.5644374983804,-427.2764906275875,184.34796572648548,344.1638605108344,-146.03128512607492,68.52205549009341,-612.7086249824636,-513.6943453817489,695.1835284650208,1507.1711323006903,1900.672195968109,-1264.7983553438921,-1258.931292963878,1837.7378296937563,335.8824394945818,-969.7961359383999,-185.45829949950368,-246.2876769830773,754.2130386641705,-540.3691961056757,86.42803503752407,2459.5407251150705,1119.8044287923121,112.39608787254866,1346.7105665479073,-466.84496611899885,1711.6260404426764,1727.5579382046524
38.0,-48.724523895589755,-1002.7789732447238,644.0247903931615,1503.0841105802713,-20.535410844216187,-951.2688305858917,1249.7208325677218,151.6732676492008,-430.4568732576741,-266.35005453378744,571.8897980105942,995.6171801484195,1677.7178953677899,-302.0227129009117,-1296.2821916853193,1584.2581038822145,263.41088844906017,610.2570714472035,-1243.7655506767767,-283.2889893017797,1050.2851335087842,-710.5688752657833,-672.9685812425394,3270.0417818642363,-1124.6132292588543,1486.6812654364035,2051.6217167774157,-175.71224235003018,3367.2422998615043,1727.254602057686
39.0,-61.578971619527294,92.88188114788903,-784.0813302466782,-257.8663513719824,9.375139827747489,780.8121927299089,477.45599739953184,-71.29019126959736,-239.73418145278265,-392.7289574166613,-891.7039512517358,-169.05844422206252,669.35670014508,-990.3597741326251,-1148.039217278882,-940.58208142427,305.5462495663533,-203.18027115602072,-881.8541866142571,-275.51968038489645,1388.8241939098343,-764.838121758103,377.49046310854476,44.4166556294788,-262.4697380236616,965.8915608576174,1583.6227893976993,-746.2024886759871,2990.835594127815,854.0436335533273
40.0,614.5054285724992,-1102.9560651911297,-1305.3810434058003,-93.24387106704341,-545.7266928804418,746.8408931019719,-224.3294809122386,-911.6155961827795,-468.88186557586744,-750.311535184936,-145.35484589491693,35.05094523047035,1746.1145904725931,-1727.488792310202,-1172.8152336770659,-745.1299512505614,-853.4821078228479,110.23804127512881,-679.7151605368937,1727.8228224410889,1657.7202463574188,-967.5525871985675,313.0389571083384,578.3088154209044,-350.7026162019027,1979.178699284652,886.0144041478605,-1414.9535391947754,1879.3439081374195,769.2886250135903
41.0,119.24374793967479,22.570870865948336,-1540.6570664760434,859.3162788343939,-923.4930318827137,-406.7204424223669,173.91943971646623,-897.8232852138138,523.9173597336124,508.8424366835573,-52.623937925937184,480.4313928178278,1477.8062932931248,-2068.1401710298765,-1434.6864803866226,351.8267246883431,-2367.9704429090193,320.0924027055254,-1187.7152358349933,1972.727158358858,1526.2142018643012,-230.2526213068885,-506.5886693071585,-1805.9303858577673,-956.6237688682153,482.6196542891416,506.3499898691922,-1026.0028083593047,1000.7306009296994,-30.51291955174436
42.0,405.92205520300604,-923.5755128065161,-1036.4536801804486,314.77615616898214,-1883.0246905273807,-476.204403448992,662.1050590611001,-1165.1259178037747,279.47284359094607,-6.26455594781487,279.4463874067734,105.89572192797266,1508.1615996431478,-1455.1283583603933,-1789.5347289655856,165.56601930431873,-1609.7473346360953,-518.8445878516566,-485.68087594007636,1524.7285319622329,1376.101914232783,1136.394832915115,432.6966208782877,-785.995940319563,-1512.9064458563303,379.8864831648128,1028.6968121323573,-882.0262237425709,572.45106074767,59.560520379968
43.0,-288.9824395406846,-404.0687552521135,-476.48448503583904,-4.8760459534460665,-1090.308505547774,-1184.1393406486145,-352.8631626470051,-1317.2797978557664,219.79488674014942,914.2719532576189,-812.9058190977003,314.70903870494186,779.5005339393624,-1167.0381091064519,-1028.439144643755,1323.0572538630083,-1486.2453062608663,-576.0959614488753,194.90207054709595,2107.4973165440274,2220.73531871321,1380.6518138310694,1027.4282276002805,-1492.4617055625465,-1984.8060579963046,531.2581263425454,578.2986157834061,-847.9775976275403,-69.84379740131814,-229.9531035114053
44.0,747.4667989206459,-817.1454293506627,99.80703702192287,363.98411101197166,-1176.6218766587078,-737.6894745512363,222.75130303794805,-1268.5864430879874,455.2115344367329,973.6208968403871,300.3051977086375,551.6581651388462,-179.84533161750784,-1229.5429332355761,-2088.615834578253,769.2393668698589,-1094.352327975098,-354.3112599272297,-346.1923274263659,2697.7098443352406,2027.2962235581037,705.3232352774164,1488.7707383090692,363.9817895800945,-2059.9585897449747,-393.7126294472184,-342.21716124410375,-1300.7074388269252,456.96671454521106,-13.396966668908682
45.0,-372.4903903412511,-1750.5577303867838,-1137.796085613478,-272.77451160358805,-1314.7954849978942,-867.6548880509513,277.0694269250027,-1544.317257787181,398.6846108402358,607.5541680659965,-308.61191135305756,256.57616584623077,173.37887612918126,-1609.123674394637,-222.2938662733486,-1175.019638462314,-628.5450129718698,-860.2964770685971,488.26750922704537,1375.5138004232151,329.60319926380663,83.44818897506497,399.140127208609,229.06885333029757,-1549.3212056659636,-157.41863515003092,-841.5143605964312,-1040.8064027412731,-156.16420818268318,145.22339154916125
46.0,10.19316751289233,-1245.147759481756,-1869.6269352457236,-1377.285547798378,-868.0607148704803,-400.3007066557756,119.90379908444436,-1106.1120048301627,639.9299538389886,372.6303668448431,-547.0677762736796,120.40813555096199,698.0285527841168,-930.4747594166026,246.28978323995682,-1254.9777589342766,-1616.1977505746288,100.23497003604328,1181.4343048413348,1630.9557713167858,1047.9105564093263,-743.8381749177195,836.3696624737267,-65.9545406666438,-1533.9320184209705,780.7738471972626,407.39147570379737,-832.8660558934794,99.76513283310217,13.553774676632194
47.0,-860.271419229465,-595.2372645310912,-2673.947605584053,-1511.6180432600777,-1026.2300138860471,-376.31711155792163,-745.6094469886306,-950.0656657933297,462.9411259483363,-45.11629943890806,-454.18129664046705,530.4391192706207,49.62995583751581,-604.6683251900632,608.5630913490555,-160.05745907240419,-1380.878036005547,-239.9666682604066,986.277643686466,1106.4594056335945,372.0361544952889,-181.53490010483355,1052.7459485693646,-627.2934478641971,-2250.392621761147,394.85658974888713,-793.6150200491435,-385.52333764081084,58.58442289412339,157.34694345125493
48.0,-1105.0957099838827,-1415.3330416411186,-965.4689756302114,-1649.8750784890665,-44.323428791872686,-107.54516143764013,84.47748636298903,-1226.756648443426,147.55461755556487,-671.7846394515676,-110.18351448021335,445.08154031737143,-187.02781641613603,-929.335669135208,219.7431997323941,-460.03255871853,-2186.3406727261313,-743.8812496594878,667.7240408400329,893.827198853311,1043.467929251762,-14.636693233051247,404.7634377718375,-324.07639732429925,-1292.8431886627707,472.64709545380987,-410.8845005162433,-320.0124254942974,-839.8707619466107,524.569119329798
49.0,-898.8846430114996,-940.8212961726678,-958.5552945894177,-1434.2344536981905,-21.092733087489847,-26.369302364892263,-338.52424691394344,-528.5187954951522,425.95779108964206,-404.84712378595793,-586.675792076483,492.8475738396346,401.58205699947246,-1672.3448239920529,441.3223983226535,381.2325586907532,-1800.672839316407,-534.5086465287027,563.8259406296036,1149.5509520591727,591.1767881823189,-478.6954361376923,248.74582757742854,-1247.333565080386,-1810.004066703775,776.6136399365535,258.63582529733094,-192.4518354359932,-1677.7370569409618,797.6684609298474
50.0,428.7189705262944,-1238.697502493927,-1155.762694263966,-1353.3688155977368,-440.9536929031559,-180.79022068479543,404.3946183957624,-1154.8885369038987,435.7784296712687,589.4372532859054,-830.7205584423772,-256.236720776933,-181.3685581836096,-542.8756526387339,123.1646205687212,-191.25633827505834,-740.7124186237144,-514.4220202229216,-348.2775454271702,1666.2404150734321,-668.938912832953,259.99026026868194,-193.1572902520892,-1079.7105266339431,-1567.8614862278891,961.0021913136403,1035.164787157966,-472.3441905994632,-1065.8544003395768,-746.4908895214778
51.0,411.60423504933726,-1115.7881910364235,-581.5882200074818,-641.5917739365905,-846.2927465683588,-190.6001824913283,612.3075571659582,-1124.8324144586452,957.2183065018565,255.81008810306784,-466.9849626695085,-407.0631440509226,-396.4356715267014,50.23890855296298,167.99932002204915,-175.4799761408129,-708.5628246565175,245.01840993379628,-644.9505395319693,1168.6241594287592,-809.7881718081626,838.0821273278736,-1042.6132245985116,-702.2478644134383,-1480.915809108556,768.6338898328328,137.1466860434175,-445.7597673804239,-1373.534695882187,412.84132824111225
52.0,710.2132041534162,-881.6086319755809,-40.32345558985483,313.91415146732425,-565.5095488263868,324.3480938447043,681.7076324643009,-503.8473072338786,754.0505165150449,-23.59972524769914,-249.48486719157202,-44.0138646981886,-916.021807147268,521.3326184001994,-591.0909553309793,53.98000758922622,-766.1979816302555,-188.70851409594,-1313.4040546835968,1187.9031911063303,-548.4339806376184,73.21576121848436,-1001.6626442998003,-714.5356111919795,-1051.5765084026048,212.38463454899858,-143.5590178607258,-228.32676500164771,-657.743810278969,-413.29699915454955
53.0,845.7591963341447,-545.3183222633098,-645.1705651463344,102.95813201451037,-786.3008704636961,482.14041794598825,724.676545034287,-745.856234126639,309.3725703097607,-145.01911505700886,-178.34744790622943,87.55604828055354,-171.07780932280528,559.1891465267595,-751.4695498914498,-533.7608083439283,-767.411945789261,211.24207739703343,-1100.1135524537433,896.7775147797457,-625.4205921082794,145.4332883327778,-205.2212897733063,-1078.3817356118313,-1486.9944838315134,56.150374203718016,302.44005706146476,-455.173572156554,-516.8629114862761,-503.23914868499605
54.0,735.5986010910486,-478.89533238076535,887.4321066668552,776.153650303773,176.72958207854143,350.36983190597584,130.9809443700576,-68.19541346560516,722.3723607018777,36.57195963443769,186.77248041392988,650.7819849514933,334.45977205382763,511.1955298482583,-1035.9205246468314,-600.384999676249,-118.65538214119474,285.5973739156426,-1047.2209541477653,561.3650654922972,-1701.0582839769108,-251.785150931671,-108.60577029569582,-1553.4077613758363,-955.1557418520878,-12.735868475016488,-312.82708554184467,120.53124561633527,-561.0554319701876,-588.5911747762664
55.0,590.1334794550813,-399.60678143535057,113.37924797556292,629.6144813541928,-634.2896347995601,878.2450670043315,340.9809965508548,163.453639263016,1040.5607402693397,93.01094727392473,-378.34106504716607,182.99359084101167,-532.5017991355414,906.7479299109989,-679.4407363813505,-42.43849862921034,105.65306379848423,704.2170008386539,-1731.3579273882774,87.39518788431991,-1975.675429061623,-72.35663157639873,766.157671554809,-1179.5933473477487,-158.37851103429503,356.55741413820977,-374.34986917406553,53.973044059682934,-392.7856525366707,-265.7244421188343
56.0,-277.96850836677527,-657.9986334663736,522.1053591720627,-123.32206110658471,-388.17973956035576,779.6664185003292,357.7913225329877,-307.10468733297705,679.5484161202927,255.91478719670155,-202.18341077776066,90.72643115469052,-568.1993326649541,776.2892547053032,-776.8907003043194,-819.7938362944068,174.73716830646316,-268.4954714172674,-420.480511803325,-363.1225933295847,-1726.3474999208004,216.27498027536666,605.388367727344,-1446.0127694536345,-306.80547697960895,139.5724634310834,-616.3793788737557,282.7500158159777,-706.7830379848642,77.2830762542764
57.0,-334.97336485602375,-161.57778682031392,218.32365643075974,-53.18831322617776,-302.3237004860768,895.876348536816,172.04836314461505,-78.8198681524398,459.7398695271296,-198.30308360084211,-452.1847602007166,408.6180394569561,-1172.3100160867077,283.42796821850607,-412.15996961133715,-761.482338495203,803.9867614400392,122.06955591540003,-350.50143910690326,294.35399684955377,-1581.6131996362546,-4.572532444593477,980.7534912659969,-832.09003482088,-564.71729601701,-683.4389804816495,-1176.656263227173,574.2737351197316,43.96119529757675,-57.29985369640485
58.0,-165.87835875257548,-385.72941295453666,-267.2076779164379,512.7996835647718,-14.753613724378766,951.0628163736095,-126.30751631149892,267.1191050322173,-264.0445776379777,-368.99206559277684,-184.87123523589787,260.3424649341931,-243.882714795696,-221.6554060776139,-6.913514834518864,-553.1293589519827,740.371883281053,-432.1093140159199,-346.22696543957267,-366.8038453291151,-1635.4047952145252,-78.87487374689026,1179.0082076709482,-819.6107139419387,-656.350404715613,-267.607758049988,843.2859177877925,573.6696096930957,508.7640417516456,584.9749115730096
59.0,-611.272221466194,-60.37652204678409,-731.2593681360721,832.1568063890483,-381.6319708882432,471.6660361312604,111.32315685687436,411.9418075463733,-440.6843945598653,-373.9991969407939,-800.4129775181582,-40.48129222786703,-728.5892089727936,-50.2823720693155,-234.64166481824603,-600.5970457388404,267.26358588129517,-207.91526470786295,1028.5348182123498,-350.9406343954036,-1286.0373387804354,-7.3456296388552005,830.8180223525798,-136.4773347393704,363.5673258350319,-394.8716407685865,0.6223850502123085,45.73361169775569,665.7585962368703,282.91631134896573
60.0,-336.726175071905,-1032.6326484212955,-859.2164621957397,684.1980510475091,284.3474169164359,505.5431812986513,55.32932134493137,443.7359676976474,-865.9061224300169,-614.2282943323879,-352.93190528941557,-571.8769581686971,-262.3987097839556,361.17105740238776,-91.74693246728253,-850.7597756677968,165.90236059036403,-92.32124152703409,549.6888558176404,74.24846001848643,-1298.2970241802616,-422.49833332722767,571.2392749161276,69.67255452148021,681.8867996847106,-28.851836766628765,425.0913702976393,-1.034709681963136,632.2728233573699,136.6485998097043
61.0,-459.9954086676593,-783.4652981054403,-1466.9301973488919,927.394744632534,-177.10818697782435,204.2644984754285,-161.29497113551596,510.985182849548,-983.8739941650755,-3.1835600457670807,-463.82942160026096,-277.177648265856,-439.71925701191833,-258.2263002336657,-503.1867367193607,-373.4052210206389,304.6159848906509,-137.73731309189947,617.806308673701,194.08659560834923,-1153.465765788102,-727.9525305599634,965.6021391171893,-423.581005805176,777.101147717487,103.27652648135299,484.0195554571194,-58.70355819052209,544.9049292833856,154.23129993321373
62.0,-812.0151082712821,-558.7706613780608,-1232.6967441713014,1049.6779350939175,24.56773610760026,577.3746799932193,-85.19079552710224,198.88653993548235,-824.3961746635046,-212.1300442623108,-561.1083717491747,-90.18074090997085,-652.9751900189099,-119.18810504860532,-248.9153764804032,-362.155895030406,962.737456519545,92.05072840774818,831.7828427805309,983.1345182820784,-1256.1382433655572,-628.1377542009626,877.5200277598259,-441.8566058259323,1252.7736057735895,448.4127490326192,1671.8621385441506,-134.21511953100506,-277.3838119071969,-2.6121974312332092
63.0,-896.5806549575354,-712.5369993948398,-823.1879935964051,306.8427601650337,-130.41792885930525,432.33056099130283,-454.27781952019535,324.4881160549644,-502.7243305855603,-460.95551327329935,-237.10772034416746,-725.8036179890519,-180.81692021435816,-201.57846138265882,-677.0828571108882,179.1401225017179,923.9141567552429,42.671521846216194,708.5411892555579,505.14514998197336,-875.4022603731852,-453.8128141733117,831.6238773336306,-721.6405941458366,503.12336069264364,-62.2951079873927,1252.7461190967147,36.08478125856951,-1393.9505315636848,101.42053799104119
64.0,-908.4192353434346,-161.39464529827265,178.02952787588004,501.99906985166996,82.94011920182587,294.5469012778952,-220.80908625592173,493.17675598269386,-785.8134495256771,-184.1336112416913,-387.12966135055854,-168.867450150912,-91.8011064897656,98.3104897202823,-293.34893367321524,271.48213364926556,761.4779016081394,203.36247440767673,493.4524680884434,-229.16133526123323,-1254.3102837272297,-202.46271844165608,406.35960811531925,-194.71556803635596,-41.82951525363097,241.10044590825862,926.5603418873461,115.28788714570697,-1087.547446992481,400.12420016125526
65.0,-1200.1584818412296,-544.2270039450417,682.646676833364,71.52710972751743,-169.9094154224902,390.09604519200843,-402.7938330672544,849.4273218926234,-725.6515533926258,403.10104608658514,83.06606856745772,-361.88756998206964,-508.25430201845825,176.81874719517396,16.718854460167726,354.9869976959867,1345.6968283394724,295.34850821113264,429.8485057905635,-287.0755764033621,-467.38322676446785,-246.99812483336575,506.8399054747581,45.635337723543444,52.577146906795555,9.022722782695439,980.4976649980545,105.5167616018478,-909.6610888648836,-150.8804303371434
66.0,-1585.137590785479,-309.8621347563378,353.0239667667621,137.0657846376648,-391.60404723191175,465.73472139111874,-41.87049493142142,660.3913408296075,-949.1305428931895,282.4526212511203,-408.91755004764866,-248.92492294365164,-855.3627058754763,-538.035474897495,-220.16883756822682,428.6641075683513,431.2402627231319,439.67101294284976,224.70637584871545,-1008.013656926242,-441.72848066521397,-1001.9900617610352,550.5007329451919,88.420679047398,-181.82747372693476,144.36007404187748,414.4884292791805,282.6004364942562,-370.948458531715,137.21954649368854
67.0,-1042.3575948499151,-102.45275324477335,569.1263666800621,-334.617115479464,360.8062195137009,127.84227724473752,283.53098633610716,338.20378252655837,-934.57354114793,1053.2162186298779,-47.479143051452496,-258.60453956227155,-612.037929858503,127.0015353558539,-403.5739695674865,225.9759306507252,849.0883627958583,590.8046704638523,675.0021991476286,-382.3506413701619,-714.0214348655865,-1182.4218669144184,400.25959387933744,496.42470555030343,-354.9775766845667,7.543754156234911,617.0999934563973,522.2594884516384,141.64306814760272,194.39202756190733
68.0,-1407.0001193338064,223.85505380733792,548.4763391533938,-81.31673881481876,177.70062871859864,147.99900961993004,168.58872837844046,576.2339277227827,-724.8900383907762,474.4473290632505,-5.2276344075721966,-133.34905518662023,-22.674197554552535,125.25578514542238,-43.35755445962516,88.56923934828109,728.1946062838152,449.2781666575192,516.633752551918,-197.17098580395128,15.970788969591723,-799.0194148879374,802.5100640666502,718.4049323520012,-785.3892591740007,-456.33986977903464,75.28756613151538,83.02764354777355,-335.8387693582514,-112.79491551287359
69.0,-882.5860239473252,483.0194936247134,715.77728583031,-442.4423729590529,-63.417224191076556,-45.81754538943362,-47.885471163467066,716.3386465149734,-302.64935696749444,-189.95009579362042,187.26139976042737,-250.24134055750562,-208.35959826836344,298.3582090769789,-553.0997605912978,507.6717014790124,-173.2983029398641,165.1935335280632,266.9430571261829,-332.6593584575152,-522.6772249702123,-931.5747785490236,744.4239930979337,370.45439548370007,-341.40314320787763,-917.446640594992,441.2010410772908,-486.4346144838143,223.3964351787314,-262.0940744166168
70.0,-293.85038542391885,592.1191663867146,-67.4837818733998,-289.6960868469969,-25.244658046155593,-463.76257105719276,-80.22565398000847,399.95364412117095,-107.39617041104218,-119.03189511002549,441.14888867929614,-261.99747276419635,-521.4101087133201,-89.46361904226971,-267.0682459867533,269.563042050452,-401.40034177202347,390.2195471002467,709.6012593616127,139.37730494931088,-804.6995087355994,-186.64675137845686,530.9152035946416,1215.9992411856163,282.81432846005674,-810.7222652769249,-5.948416676802104,83.4273264129471,128.61723417448587,-53.05456229289017
71.0,-120.73423957850149,973.0368596693551,-681.2079242797092,-280.852503511453,170.55730801200315,-267.1974458941529,-234.0387095427554,360.4668263308715,-353.3028658988958,-215.8546106848282,-123.68243621807034,48.7154865289626,-231.03900100564408,139.34352074573187,-369.3312504883644,47.886742908420814,-304.6958156738016,562.3409602007973,399.54516695235634,-300.8873874907378,-949.768565234921,-498.85634399704395,479.9685814828447,1146.1416485017317,245.91243234148072,-935.643032527617,541.1806391992163,392.1845315623643,566.8625014033033,-366.4629867300286
72.0,238.19812140598387,815.8234684041017,-415.35214644980346,-126.58572937419706,-10.747908847471194,-279.24630814353867,-627.4422904644941,505.35927833221564,84.92384274581215,-572.1085798012755,-18.318550550764996,479.9565471567727,-175.32182917465482,-103.19685044181567,-194.0483245033169,-221.72288761223354,-546.449874974927,-143.0703128583858,497.22070441800327,-23.913182465974728,-12.92232920534495,-556.8119885237116,587.1458761214292,329.3642054860747,585.5547505571144,-1347.864582485118,-765.2801780683207,515.1221520790693,367.8341500119802,79.58881942077598
73.0,150.04553891303303,798.3308793868187,100.93368040836482,-572.1741874164923,-279.0538648811496,-220.69507172693017,-227.16174055398915,503.26418504286914,-151.92987334187544,-310.1116419053019,132.1886340463602,656.1333326566372,-64.79754443238696,-785.8739855673733,175.8655695168802,360.7124252911257,-1090.1034027955973,249.17724489749287,533.763225171119,-228.31851064397534,-175.67864782689745,-381.4933028996842,316.5644307551267,-449.821610818527,678.6975255941936,-759.2307265236564,-903.0232444603047,312.21526380808905,624.920119744065,412.305751003506
74.0,374.50752864527374,1268.2144345371294,-570.4774706778724,460.9390164288701,-78.77242305199559,-277.8805816802468,-623.1794847116175,-109.28118632688778,162.25441710682037,-469.7114628199607,444.97149201014645,703.5919518502593,527.3149058061894,-493.853381480038,68.63285469902299,335.148891724999,-746.6051460977093,-228.29783352777486,250.69629953920733,319.2048248879674,-347.3114472845473,231.1613177376524,941.222561136848,-158.67994138785897,488.00444726940856,-845.0355236429339,-1129.831872044861,160.1224096663255,82.67721763423901,-38.102607828526274
75.0,30.74385909874718,829.9754923312266,125.22207047450001,-513.5567027275375,17.68672197209432,-881.1400979815317,-803.5201273403673,260.59759748442434,-724.5979583190447,-461.2130201080146,401.1988219229248,443.53983826230615,-31.90154212684179,-429.19851133766304,254.79493082662694,253.07751693236088,-859.2279498327409,1051.3576058200754,699.169297147083,332.2905436978549,-936.2231230901705,-11.133424820598208,1071.6639763082342,-497.30223354099996,541.6732422544724,-1653.4098866047698,-943.096363909909,516.349640356522,1056.6507161709258,207.86130156028085
76.0,-317.5805181209537,720.7165577252216,23.56825795889418,-391.63870370245087,617.1217132298978,-780.4334932534739,-719.8032321762612,567.064246983226,-1418.1645766141482,-460.0376545899653,45.36189528306417,-5.60775631751585,-218.11845900992853,87.4752160552826,64.92247189660984,-101.8462403793946,-795.0075260572551,1141.809160977852,710.3190869948249,-55.84023581979318,-512.4241992097608,-69.27810018808647,1819.8939517125434,-333.05188768749895,506.61028803051136,-1137.0830309114904,-1398.9904867646344,162.7565049788586,-201.29190074059812,387.0600427502733
77.0,-651.2377720347005,598.4478876888312,251.48745064842257,-660.4806050520357,130.9587221505805,-498.19054476017584,-593.6053721487433,799.9420043560631,-1458.9756555831445,-930.5611970020556,19.693301416084722,282.2747307268873,-463.10596186236614,24.124596843836827,-164.44700624133435,-49.813821499724526,-673.1144593362276,1039.6851907877192,602.1483001857004,-488.96851203833063,-972.70141868687,15.802431895783016,1138.8349241856947,-633.7445878243458,-2.129637651129695,-916.4783286488024,-1374.673430786236,322.14983964419525,-586.22592977807,822.1519783363887
78.0,-107.39869561600955,-78.05870898212552,104.40252224030331,-481.71323452903334,-306.9854287753284,-145.85625957348842,-873.0640084681556,909.1403066627865,-1206.8254735635592,-463.18766252029707,494.64090690655905,363.31034504701904,-572.7164484716524,498.35771074823197,148.5775630856925,-688.9855385805336,-460.05141076487075,1451.246517661311,318.1821153546983,388.3623136824186,-1273.244901622278,92.26297191154876,1390.8516527833347,-936.8790174591668,551.2095477290214,-257.999648817634,-1070.7041805177814,598.4008223810878,-600.8853697595448,762.7154248502748
79.0,-803.4265211942147,463.26849291949975,242.60641229290906,-373.1246340690833,94.20829459655107,-644.928421845749,-413.83769569051515,647.0247137215595,-1665.9617832610086,180.27875625439594,-290.12420223203526,696.8676194299671,-850.2873408411199,377.6313646695045,376.8316587623914,-798.2346015682233,-616.5856058406384,1367.463153777943,143.2728624082037,-38.35280257508708,-678.749301451126,-211.13835371165845,1047.792060357791,524.2498268840732,-284.6004762951418,79.254733340315,-2585.666619242122,375.0879745896948,408.3474857133757,143.54435920057188
80.0,-197.11456341983586,-222.44464046846196,589.3124803926025,-195.71499472466735,-363.9883597382328,-405.5472020006711,232.37577953191874,333.7709238129255,-1564.4593467105888,-849.7188429610035,172.80155779479873,-38.74001188130211,-690.557945751475,241.11915879450657,-518.3026833464077,-245.63163992069647,-344.47016823337924,1896.4387463895573,707.2408073999793,140.87576627227344,-940.3225984227854,158.74870887946167,1138.3744174957858,44.27628558555449,-648.5438536160453,860.857820612247,-3003.9584308690273,50.31265253465784,-96.85544335068785,806.9544946399432
81.0,-1061.362763628385,243.0792932751295,1011.6628637738512,-402.72312614973816,-197.7166519067356,181.60489447977653,-325.35131257965224,596.186130982968,-1336.9121895463588,-789.9875611354706,-348.9362552459002,280.9564795569957,-797.0944070044454,-14.954331294152212,-169.73741714980193,-590.9852227656276,805.7879740843325,1158.982312218965,627.6397862637275,-265.3428928291131,-1735.9098099911685,-479.73108129877886,1600.1124502498537,-214.10890585942605,-1429.667112099037,638.4229665073549,-1947.4904123484334,202.30424281061545,952.080723677343,744.9417363985647
82.0,-500.89280946164695,541.4735225421234,1163.5039964479888,-172.3843153630789,117.84983533188536,33.33432649540565,1176.7749180047836,241.5823562423902,-1294.6910835949666,-90.40017892280066,-1010.1345513287374,-250.39294746845184,-948.9493879442655,-34.171882663067805,-605.3843657194193,-100.64740076523566,499.1961201715446,766.7194714608078,624.0159087347843,-415.41843150528894,-1562.4090204692143,299.52663547348243,932.2492988301578,374.63370694587525,-910.8988284961387,1231.168715252433,-3172.54549201373,-525.1572678809287,883.6896614461809,816.2873776768408
83.0,182.7568194699371,-734.9366206328536,131.7390369610316,-116.9839675724833,-540.0427489427929,-706.1119393346985,98.90372123598428,-381.158318479863,-1039.2576499981444,-488.4519126925495,-843.0655641195519,-397.9995766157426,-450.13907009435525,-334.6183006402863,-401.2663106595253,-372.4024531262544,745.0569865344598,502.9558176740769,641.9438410350883,-737.3289162297518,-202.497499335954,866.2246783849138,-182.81781851250878,772.1032897489629,-1207.563396183624,946.4962199920627,-2135.591841374427,149.21915581698116,-100.34663257946025,648.8516478105441
84.0,-734.7447256999953,-1178.4541505890688,-243.44316636822214,-168.64551346903025,414.1511184336755,591.3928566312629,275.60240814610046,-611.024515778044,-813.4634513418989,391.5166010539894,-78.39328541647423,-144.42866476202937,-631.0690320901625,-109.19082066106952,-1396.9655270339156,-414.66509109408014,299.93882894801766,479.03440019318606,-513.5626415266704,-891.753819133852,-1374.367127175616,-107.6215467189154,575.4855245749219,1064.2426664487712,-1096.2589819022478,1138.3836867388436,-1960.6087037461257,1128.927005598695,359.2555143282823,968.3078323559689
85.0,278.10734533448465,-651.6862949579416,-5.973426099174077,-954.2134125775606,-99.62211120667172,180.4787763727544,-22.771099833203067,-909.2439331879011,104.07530743319184,-792.7603913873766,-373.42491704756225,-826.3493871224525,-170.2664093081645,-365.6924812175244,-1288.0632523834247,45.71992738587261,308.98974709755356,192.0269532114728,-625.5007889596545,-471.593346937873,-1368.277634531121,398.60901102053947,-413.8094856875581,1193.2061034844803,-261.86129338154234,278.1869083830966,-1705.557189540396,685.5000366193813,720.3600398748729,1324.9489767848754
86.0,-1061.3023000612113,-196.77315350957878,-1796.1800702727846,-1957.7014826804548,-199.41360510051715,-1003.0505001867732,-439.79126209091044,-1776.6880715683535,420.77699114603803,-545.0624785143411,-633.162815068346,-58.4552949039454,-93.52210307382319,-492.560281800078,-1927.8143798782019,-7.969250907171812,1078.62533023507,-384.5853907564426,-768.5321219594293,-1189.2833358751077,-558.3939592636519,241.04810909326198,-191.3217412160185,806.485820050781,1663.2536518601987,361.5980778045192,-2265.849701075837,852.3696566087967,60.92335897770015,1025.5550677363462
87.0,-1747.989675245936,585.4735050211006,-1710.1558207551805,-1301.5961506139106,-8.323989171672793,739.232776841159,-1053.1600447760725,-2241.8613292710656,-160.53843046941512,-380.4261236266293,-150.97486758160693,336.9400688168427,-496.6850753005727,-511.58250159783165,-1733.9474642581372,516.2933466028031,311.91146593908854,669.7641374481917,432.8903454233458,-313.4853983530554,-45.032830342300066,-982.0331814292188,-92.4320601616133,393.3662312208716,966.5745453428782,2224.197138439322,-2430.423372961957,1064.6207227221682,-463.17029709947735,1250.0929340699663
88.0,-1617.6909440748177,1475.5138146794748,-1492.0901347893077,-938.3305574989301,-84.47950831665327,-354.2052263460232,-1605.93583666055,-2733.175175612779,375.90931242313957,-479.339097610542,459.7316492377846,163.58610163027532,-621.7952596229674,-547.7061763737844,-1752.266414054156,919.7520003128634,-437.0833822364075,399.8669021476617,1388.0753419861126,-1730.6067928420198,-1425.7880054361906,379.3689759442938,-404.82952533573996,399.33018615124075,957.842012060697,1637.8430817679791,-3063.858285133143,1418.3833280571453,-1059.8534259876678,-195.77237018984647
89.0,-1053.9714354937241,806.7429229769957,-1557.0579726943486,34.258710658979965,-58.121859785407196,-121.95032762179437,-792.6187886325483,-2565.358625440125,-276.0649006005914,-1610.0719076437963,-515.9336320579177,621.6269421804732,-555.1922932969749,-1953.9446539882647,-1068.692814405617,1890.174304581637,-31.86968891017341,-817.468433929181,748.364712935107,-500.7770686500918,-1953.6767231768617,-13.38934532102516,-256.99368740087846,65.26576767878741,1140.248950580829,1383.7448233083915,-2683.283595426323,1207.40033048865,1043.979269929307,-597.7447192838883
90.0,-347.57832964017837,43.563460086278894,-685.5206741362588,726.1073555591847,297.4755429347979,177.6157981832796,-1779.491503919594,-2480.262156378182,-362.22907470647544,-1251.2065786602734,-660.0127372674116,1049.145386527943,-1716.4172484906962,-1976.2796248506904,-1497.5813958730528,2032.741609692781,-933.1817655351581,-1663.4783961065618,1357.6143504728009,-140.37343370460593,-3412.6845650009977,-166.81852882318873,956.4386782264972,902.3402068972138,940.3408245013924,526.291578274757,-1052.6587174935107,477.191109466621,1519.7027084386482,64.02957714530784
91.0,1077.0498062715092,651.2371943763299,-1420.1571949296672,1298.4395172603636,530.57720477697,468.025195898089,-1430.9500633659432,-2286.245482137336,-273.6414292422686,-1581.4496561660671,-347.1724591096637,-318.7144298795543,-1220.0664748593001,-1773.6370178691332,-1537.3153476212906,1295.0847598136745,-852.8316700565202,-224.9908506364455,1320.2160269022302,-1254.9794114302588,-2871.7643980598227,-1605.3237500962089,-745.0902411391359,-227.2094313722326,1824.7629353015848,631.3844210873543,-1276.8682221916656,290.62227491239156,754.2255817471744,4.142315370929921
92.0,-694.5881327852223,-1013.6446152614247,-2113.9560309148605,609.8299189735612,892.4783286174114,-88.22693248265415,-835.5190002927624,-809.2302295900677,-229.1449350735897,-1039.6829030869212,150.1559308487501,-32.72972602890667,-1372.6323798700478,-572.8718829176116,583.6831356934159,800.3864479403577,940.332292304754,-1149.7742870022444,1103.7373642429545,481.0447477994452,-4610.127422082847,-2000.8305689350823,-1247.3112027403183,-1951.3954317459916,983.7736258045653,24.646902925584413,339.63598253333373,-793.3143122221708,654.9060053170598,1045.8799818612672
93.0,-731.6988716344108,-1684.455703800431,-444.8726256630847,361.6941629688665,51.87210892877994,-218.34535442644057,-1727.390131059983,445.569331275257,-571.7235015805734,385.3791424784897,-1126.6335822894748,849.5583958492361,1540.1543090741143,-785.5563041806774,107.3269845478012,894.290136856507,1379.2756689058383,352.63714841649806,1205.3147040672422,-568.8228872043369,-7126.0843669973665,-595.3112972695103,-1030.244331867857,-811.8025188464313,1303.9760689511852,130.85504709495996,-1598.7309901012948,-853.217466749708,782.7928185071605,1121.2315729055676
94.0,-1299.7824075950916,-1564.3260238615026,1624.9458111940755,1467.0507609015845,260.15131027978305,-392.3269290423379,-468.48977819103783,-503.8590128140163,-851.5529334683511,-187.20515811093208,-1249.913933076767,-753.9666993065781,1337.4000052309434,-1500.7993129300892,828.9108515270179,1308.8110716058206,3131.17201743522,783.7737361006009,4623.957725390978,-868.7004374032188,-5446.704939674198,-1222.6535705469614,777.2686918477389,108.77099836628179,59.44075164495234,997.5278403610621,-2281.846944930456,-1321.1802850228041,2237.5881680099287,1433.128384890533
95.0,-2476.2116936652806,-2081.0834176123803,451.16994579806567,491.53236008915775,-983.9167518185625,-43.63828707265327,-2278.649939236172,1353.968490205391,149.25464898102683,-99.08356942794842,-889.7350773189459,1676.8073509755895,904.3582289829034,-1546.1595206554307,1106.1454912770128,2288.1689639118085,4081.238891977642,126.37981859150055,2382.9258009449577,-1151.439979544085,-4938.094790274346,998.8661346864886,-89.3963281201834,429.0483017842991,908.5869776969329,-751.8013730725087,-2049.8782667503297,-1538.242626956573,2157.6001624517376,1572.5791696228202
96.0,-1245.5083716700947,-3951.0069257633254,1526.8575614405984,1778.5683370564368,1108.091193470902,-1299.7821740671368,-1209.1017124534765,2265.8930403668664,154.53647358625153,2617.867936578602,-828.2556303931113,1175.8590516370791,1553.1645253492645,-1077.9802610243928,3086.977815462183,2271.8479902371755,4890.324693695478,-214.64002742790586,-633.5507803657786,-1344.263824622351,-4995.015411354572,-12.570216862013183,-1318.1816798626955,578.0038788331522,344.10819138869425,-303.18419351567235,1702.355008183193,29.71373802817473,1131.470159564707,1328.0066511511723
97.0,-2641.8442968555087,-3401.4206973438895,2001.501985633773,502.6799631036894,-122.92672746319886,-2509.148034014488,-2637.4821550133165,560.2331892080091,37.2123297538418,1464.022830238234,-308.5581206110803,1294.8780402812977,1914.3578312348304,279.9909337902978,1420.0677766837398,4757.554992071224,4028.7215228380587,-1460.5970905120166,-2463.3353198938626,-2346.512579643446,-3113.9583304929315,-482.6766150188611,494.5270190160645,2982.4289434381035,-1015.9428418138554,191.66924893636337,2245.284251833517,427.1197336408544,657.0844710641306,-1692.2842609832148
98.0,-2393.918164083477,-2938.3178191111665,-1748.0297036733805,2599.3858805252457,565.7636997216119,-3564.3399097617553,-804.9519493755015,-94.7426324332705,151.04201821388176,620.6246440029602,-1635.3180271492013,-861.1169467377343,1386.6219047591853,480.7948738494643,1724.5869596249795,3111.550229765813,4000.4340717286077,-61.387656119279626,-2442.8923064651035,-1504.8279113595165,-1335.8612987113463,1388.9421738025962,468.1872677956575,2882.3132769021213,-4517.968524744918,-748.4949444898562,1803.3369722107163,-284.6965527750287,2126.5508426799297,1529.0176531344841
99.0,-3840.2221244029547,-96.568312174731,-2365.097218813781,1976.9491094693676,-1921.2063380887228,-2292.5718780937596,-2172.6426163378655,579.0610082528012,-933.2640608764584,-741.479430963052,315.34408899014284,236.47823021639942,1381.8278713489435,4102.168865563114,3004.7160772262127,4386.470154211271,4387.118552385802,-1512.3211684431399,-2030.3091753086508,-430.4114447745781,-2562.3890697315856,1155.2090198970136,1390.4239001319315,3287.164584067077,-1597.3312381928865,-1935.4912772658056,1419.2148059606004,-541.2415138782411,1490.6442715334642,-984.5585849393399
100.0,-1663.1821465630396,1966.2551101254476,2.6887758925939806,2741.441930033083,-1955.2018707798404,-2463.2778296105735,-2048.9512090073877,723.5251236512779,1493.8134528200915,-2748.0468933554966,-1923.8127176760586,-1709.7872423607043,1582.0308487208558,2616.216679980342,5128.399342912047,2150.645554627458,4724.246144600145,-1617.139916010903,-2786.727834334095,-446.38880553199834,-89.74749977936938,494.4265234147768,2521.6732247337777,5037.515889080163,716.5736090825847,-375.7178158606485,1923.0341499201863,-2614.1848419764688,3459.67866842244,1129.965892041063
101.0,327.43793827200767,1408.6906112969805,2581.066047527303,1219.6296365736287,-3541.7856573590125,-2167.909513745435,-1566.569766618462,-88.35084681848639,1262.4342380385078,-2878.5394996551054,1420.9379455880817,-3798.6172161585264,1605.5162526866588,1517.288186216211,3321.844571313332,4107.095429604177,3542.16066598848,-1544.2839502624183,1301.8598445163682,-1369.7266597465568,-3386.5387619761054,889.6439055440651,2738.800839233277,5077.993616081,543.4802055912816,-844.7041885039645,2878.3777709962146,-2686.792743430445,5046.213387511882,-769.9831355270693
102.0,2114.4954550248735,2223.962833980485,2975.3118913210965,-318.77676340429235,-2069.2912100065305,-3969.3616234811525,20.91081959864391,-1722.0352735817225,229.51776404120926,-1452.8885632903325,-410.4480749036291,-2416.7238883731925,1176.2193559783627,547.6495523790592,2284.897294050452,3902.2228138014734,514.9249239952949,-1217.342194242742,-190.4650197065332,-2871.3861697086313,-4449.064380426258,252.93887910231786,1459.4707603067484,4846.692221822384,2145.6880115817503,-994.4984175491198,2042.705193520536,-3032.9448631101454,1351.8589234144447,1732.169225340725
103.0,3019.0295813654575,4242.8264862100805,-2552.4634691282185,707.3282816647812,-384.0851280540869,-5746.082340820183,1546.3913901623105,-3748.0455667927563,586.5441740034679,-1053.8920867250356,-3827.6869350224274,2615.880619910199,218.74889122094527,-255.29990824599503,585.207402570727,5063.441498716451,-1050.264174740937,-351.7299134549598,674.4284784586825,111.7868569327793,-2842.40639610208,-3212.245056527962,3614.0998680111807,4234.033463221074,1637.6460843209568,-5108.134923905528,1853.7115596161866,-3285.035102455702,2239.8788240309277,-872.7778037140397
104.0,1633.30276816668,1744.056600261144,-4588.228930713882,61.59106020933865,-177.68573299828074,-2109.1417647189746,554.9953673860066,-802.6268525561264,-813.4394034064393,-1142.6625417725722,-3194.224816089619,3439.198720482231,1394.6091765518195,5755.046035440246,-2608.9829761109963,4247.979146902894,-288.30392472609697,2915.479713575639,4057.808502372275,348.8329946016604,-2959.3612766276965,-3448.025519116326,2952.876562370398,2217.2334369659893,-591.8896259078414,-5748.007402574325,5385.870987702328,-2167.816867692006,5067.388466640578,-312.01440837574484
105.0,3919.443805892307,1336.0087843196302,-76.27933363597094,-1160.9289151673438,-766.4236679217299,-3438.713200484519,47.232820978427185,820.9553072768504,-761.5234031133166,1276.6051029003593,-4532.078555273327,6248.626148589914,-300.84366764170426,5385.515411063609,-3386.2827217749,3219.8625426643466,-2888.127053773953,1877.0881521462425,3749.1996482158415,823.4349017992232,-2236.9290572890995,-5095.917230140369,1959.1547470492792,3185.6806334281887,1875.6749776888394,-4710.748677679422,5460.37731010551,-2900.284175576254,4192.325121264791,1697.770859613607
106.0,4157.225734364814,-414.7769710803386,-718.9258378719402,-75.84956115716456,-1684.4014914005065,-1690.936780905975,601.1222176120925,-991.9954812435308,-93.26786864368682,-2079.9279701836913,-5477.862118441464,3884.1150267960393,1969.2532251945927,7016.152157112566,-4557.042765737303,2494.188747267449,593.1964307152157,2722.2168949576508,3204.9352150912014,-206.93940770503463,-1591.8062095234582,-2929.2225353898743,5952.354952274416,2602.141831189737,1750.0284542631623,-2980.647032969907,8623.932075903587,-2068.738207661815,2309.337847640093,1035.049203818286
107.0,6143.059464080044,-1850.2793450609563,4365.244817554222,-2513.7774355474253,-7214.319899480252,439.22242194952435,-705.5269338642651,-1342.5046653154218,1114.1032643883507,-1755.3913008461295,-5893.6532148814895,6079.553689642481,-753.0295031755023,4454.450481767182,-2342.227434814341,-370.68011257808723,-2952.8599212632985,1650.7062614099407,6460.20757347463,-2356.7086519089785,-1738.1590599164892,-1450.4497703691986,6696.547893870684,3041.628434605632,2518.598887745744,-6418.572230247643,1572.546529330301,-3778.249261921481,5775.298205385952,1297.8482908319902
108.0,5475.531692408968,699.4120578084347,3993.616029021787,2509.76558076247,-5404.077129228712,-2890.133353438693,2476.625407207096,570.6797935853647,-553.1518632800147,2325.6662726061477,-4660.007540254634,1306.053151745777,-4079.742377796992,4645.493686473949,-6465.630635915665,1958.7415254099283,-5213.224717615352,3407.072557635668,5850.179401228859,-3645.093202594908,-469.09445514514505,-1479.9127838096429,2969.508919018218,7100.646556241937,2465.4556300858967,-6770.790266332252,-1925.783504930318,-2634.4033733183865,459.0202989898035,2346.693139919006
109.0,4980.992154891663,-5741.841882754832,5898.56912494734,971.7157952762261,-5143.51456076489,-4187.967213312096,2481.500110795331,4694.790544137169,-3397.310175022425,128.38916653442618,-7007.786525082539,2011.6660064448572,-4253.35804412052,6578.07379736568,-4820.651612191726,-2925.0986819084546,-2728.87041013233,4731.276852341164,4352.366161016447,-3172.0932310913,1654.675716787606,-3418.269672284775,115.67843302549898,3224.208122352551,-2409.773748929961,-6048.295912544696,2340.9631082722444,-1215.5448875938011,-335.4469790748461,1884.7552550151258
110.0,8502.28509506949,-5466.622368963823,1504.4375179721546,1457.2369734697081,-4956.6116986106,-4675.944739742945,4652.175255566561,4441.704541259163,2383.1507382112018,4430.814361075953,-9123.025575559901,1108.3288543862845,2990.726944635253,5034.091032767309,-6389.533247107188,-5706.530864458484,-102.29483002517895,4972.759908665136,4715.558141969579,1761.2781316842224,-1005.5047479470761,-2640.388986709977,-556.4505873749719,-1954.184743529016,5348.052462088443,-6384.917192037459,1233.6412208230809,-3935.8080933998335,-3122.0459950970253,-1837.1801089415094
111.0,10125.011885105518,-2354.355851616173,-5889.453340232552,-694.9977953235199,-4065.3293868324954,-6609.975612306827,3304.104081419459,1240.5407506821246,-31.896696974142515,4908.344467599359,-6878.3151815330075,-2896.41127377016,556.2254586114946,1961.2157071339263,-10542.508042109357,-3403.097213368852,-4101.436710955955,58.89351146647661,5283.086678764064,1619.6975247574874,-1216.3076530095736,-7187.181188715447,-465.9980176403478,-5449.939239654923,5401.115815124067,-1875.7772462674816,-3031.2383928492523,624.8279768676501,-4415.682526398471,-2721.80351345676
112.0,8158.957379076499,-3617.854228716382,-5869.940060709355,4355.205284293891,-2218.7210568085343,-4810.3243781330375,7542.448868398867,2816.2194140696874,787.372762005163,-95.05450935576914,2820.722731559101,-3546.3612563212723,-2188.6175125556583,980.3326821121992,-9420.518435503622,-4658.618229278321,-2327.1050887376914,1231.313766407146,7632.4415652912485,4545.296914028606,-4369.803739830995,-2059.4136529885645,3308.4893434414284,-9319.626783357244,-2257.7327401236917,-2287.631141439365,-801.3459692952804,233.71296462515147,181.95258073003978,3492.606180428557
113.0,6953.6125592554345,467.3914671327075,-2049.149556907112,635.3145449091592,-5795.794309825519,668.3283606760342,7118.185888642847,2744.3993484082675,101.66695356802734,7227.140545854863,4371.369762956005,868.6675429452482,-914.5498615297978,5407.40422876883,-4749.859469615256,296.62689300274553,825.2283516306953,-703.1927311112361,1641.3651770403867,1109.3060952437895,-3138.8203604947503,-4651.75916222191,817.05961259253,-7775.898710011051,3364.541684422434,4001.369028680889,-839.2503113303637,733.0461203565377,-4462.291092388432,1881.5710266564136
114.0,10496.69082219095,5281.0852824254725,-2030.125731768244,5916.533298954514,-518.8220466917946,560.6681702943448,9303.76838327982,2248.4102116152753,2721.951164092145,5631.611938097405,4990.913512042198,-5634.373147824754,1169.7732243069781,9829.180619249466,-318.5593458746954,-1733.3564717688478,1790.4360320320427,-5417.458526996799,-2334.8622326307254,1602.1513741080707,-2512.676160176861,-3512.713183511238,-1724.4048998151552,-6457.570882387474,1275.0781972585726,6743.096596015602,2998.8527402807977,5757.617965339105,1551.631695336228,11594.222386563337
115.0,12607.257051156814,16414.95431398513,-1343.6546457895056,6531.325377438914,-435.91619007348277,8352.56006986496,7476.407772772358,3975.3884779352484,-1436.9632029559245,6338.061930279725,4661.642142790495,3396.5971915391356,593.884854970275,15244.6148443834,2006.8733511750509,-101.7420992659384,2034.559134864537,-1218.0856223556564,3583.7382083049024,5286.556736367676,936.860956088627,-3567.343330528979,-1347.991500455986,8554.781228545913,11902.937076689925,12817.472333106141,492.07886407352714,7792.887627838863,-1782.5527779094791,11756.707325045052
116.0,13827.235733885205,21521.326031214296,1994.6962379909414,8858.338624266034,-2629.411123363207,17199.44230238655,9597.961829884625,9491.448970308245,5896.1257445093015,13846.310436639935,6213.226249745811,6700.172492257592,3818.705743379611,22875.84630833401,930.7638640250648,12400.755149418877,3353.1339633774455,1965.2525047962758,6333.873508030534,4246.77107857573,4129.462849791574,3504.284031389765,1935.891891852389,19440.73240657227,5264.163531697246,13147.808402477418,-2815.264684998827,10308.845396935892,15623.763230681972,13757.247670836661
117.0,26715.837545305036,29549.40694280788,7959.294237647283,15939.310802980315,-2690.65574147777,28956.04122977886,14372.208552553453,15931.601443129714,10497.516385638217,14325.330513907276,7550.278996911933,13148.739997069066,7498.126958449517,18892.2800560343,7673.751999295906,13394.57158518314,10140.755220688297,-2458.867767636657,-1324.8738172711576,8312.32793559753,8971.853202871245,11354.669547592895,15436.304608417044,18162.15495748645,12660.57710917322,20252.96566003928,10134.546057365636,12279.330418777787,20103.73966143498,27075.596843747677
118.0,22817.891535286526,30805.576846018546,25659.492841428957,31562.251286603503,409.8126563487708,29157.078606863193,21584.33823258808,25286.701386564935,19977.420346935873,28401.232852851237,15869.386919919185,30397.616372887765,20245.411475190856,34672.97616361417,20377.5148223148,15923.870287907945,24951.597500310316,6927.811312658614,-3291.9899939978213,20017.82375984016,20931.835343993997,34814.642702059085,23448.54906186884,34076.47502677386,12784.580932948676,22119.860260864738,12474.720821108584,15670.303214738713,39989.50434994883,27829.470089069346
119.0,19229.99920529996,42179.16599176523,34232.524683645606,41091.28989256765,12722.43053366927,47471.818667145315,24373.81257059857,29254.476584057986,37205.85872782159,50335.23259009863,26989.699776746296,38497.21195830578,32811.13058733439,49770.148499957795,34037.843505020945,37825.97335776096,37624.79084107017,16820.84178093201,9000.524950472287,26751.365023424292,33001.326608325995,46334.58204499097,38413.30522815222,43440.49006000377,31405.931834104467,36528.53734796373,10343.753157071129,20741.676641798527,62357.48118191369,33951.378857038464
120.0,33711.09309031421,54906.007310583285,58929.15867965829,53829.93906477002,31185.66410714485,53763.57478255208,37677.305693426,41762.69626048559,58044.01845772586,64010.15074963124,51570.27135259888,56144.69956668856,44011.81801496282,65025.16247551624,49034.624823969345,51835.64014578198,50222.296036445034,36533.578170177614,29255.527834557543,52879.70860391417,56489.14338073134,60427.84696239598,63143.02541128455,51255.53761941487,46459.72669955493,49717.93031145221,30492.29544489504,43695.542834773354,76629.90019800133,53492.92487680766
121.0,61244.12892543328,85196.09048177976,84546.55652897479,71272.2637907897,51807.099813036075,82611.06637170345,81703.86315018695,75914.78880605017,84198.79642868627,82818.57377225073,89757.7176738441,67747.02823775422,68402.37102101458,89804.11217642197,79349.12096322763,70749.27596665849,87793.74627530492,60430.79693463546,61352.75729715434,81740.60269129922,74014.52277006421,93942.81192417655,96220.26132558376,85530.16585370457,71845.18242288807,76423.72029768194,49683.98473070185,79509.67624251294,114318.42008198902,74071.55188392439
122.0,98762.46821560792,100903.43311909,147322.61925219704,123289.01189523193,98387.99764470289,135412.05987315314,122653.84845970213,110025.56247718848,122225.35563874296,128851.71624061014,124171.77528294097,107505.90344908768,111855.6995260959,133548.14987604893,124083.89261877513,116121.18415981244,132826.5876339309,100461.32483791825,103753.43532172416,105381.25159895755,114806.08154865507,132743.8810056187,123539.6354912681,120161.41577408864,102122.17469323782,117067.97901093219,112898.69241090192,120581.56382016225,151333.94719086733,111231.46190846094
123.0,159942.01876796424,161106.8768888578,223607.0710125144,165902.17136744794,163923.93225743415,206961.20525575016,177849.644965422,171598.90928943278,193807.22700975902,198187.68214705202,190740.55622441493,174474.25032159308,180411.092664888,209495.80093920743,188622.83140868734,178290.18568401388,196405.07885444642,165025.36700176145,172632.84796321302,161810.1940079931,157855.68835436128,198399.5306103498,212691.5035098708,179801.8652434255,175306.1659560695,163269.5074653284,176696.9540341426,171093.65611825336,209601.5201934181,179052.9510624241
124.0,254404.9116117989,265633.388629896,335111.7183684966,271536.3525480751,266164.69545047835,318263.7057121644,265273.94169815094,279626.57527991536,293814.19263977057,307257.50060252246,280914.27042160364,268341.41524354153,277322.499678875,326713.6186514171,289015.42796659766,289552.84594070987,292896.52693703375,277680.5546114213,269143.60095888673,264700.59201953385,253534.99211287158,324332.40463380265,311426.9150597785,282102.0414256265,273587.5634729038,264630.5816545406,286550.71848848945,263311.44522656087,293557.9474895826,278866.7950484989
125.0,440529.52000153356,422495.7976883936,541771.2514071504,450817.75934542215,444528.5890542062,493379.0343130948,469638.93216835544,454546.0334981773,478542.67604728293,501262.87209083635,457680.0329878546,441273.14610529103,464653.5495185583,511429.62514772906,456275.4615474584,453268.99008092354,480753.41258385166,441541.73545312695,464084.20574594586,420080.40379093005,451324.69643594656,499369.5264627515,473393.17484502005,418098.28571658075,442884.6451505696,448702.64923172246,444285.9063480652,457376.478064407,500570.74849698634,457196.5427695879
126.0,746901.4471796842,767177.7311570825,887747.9554180766,738308.0510029425,754740.0865230043,792596.5818867107,786011.3263963766,776694.3295383466,803329.3468030823,812405.2199921878,777178.7239087081,774561.2754712236,767077.403666895,850104.0488121056,784592.2825585104,772247.5005608216,814377.7071439188,706452.8830106901,744038.7669807121,752093.6122337386,770527.2500156845,818018.962414493,805822.827224241,758114.4344891239,748426.7019838493,755390.5243780912,771395.4851313566,766487.9315358448,817382.6811706538,825394.5376126866
127.0,2052378.2479156961,2057880.1498378962,2328575.8139451505,2097047.7472198836,2118730.0600026404,2134860.1870583016,2228439.403989775,2021042.107286156,2167585.2308589076,2161864.9578417977,2151538.3060856396,2044808.8355015893,2140119.094682822,2188708.071192721,2192753.9008737803,2098578.5310695604,2049782.4756169263,2034714.8010741367,2161068.7007490187,2091633.0843225848,2270490.6122349394,2183160.1308073513,2197364.843240596,2042912.5767917498,1912173.752583643,2108804.7558949394,2040057.365485441,2136629.603012832,2186261.1909286585,2208271.1324504227
